,Dates,Max Earnings
0,2013-02-08 TO 2014-02-07,2643.5840000000003
1,2013-02-11 TO 2014-02-10,2728.101
2,2013-02-12 TO 2014-02-10,2735.97
3,2013-02-13 TO 2014-02-13,2736.9440000000004
4,2013-02-14 TO 2014-02-13,2725.528
5,2013-02-15 TO 2014-02-13,2687.6885
6,2013-02-19 TO 2014-02-19,2829.86
7,2013-02-20 TO 2014-02-20,3040.72
8,2013-02-21 TO 2014-02-21,3050.2725
9,2013-02-22 TO 2014-02-21,3024.7475
10,2013-02-25 TO 2014-02-25,3196.5725
11,2013-02-26 TO 2014-02-25,3152.57
12,2013-02-27 TO 2014-02-25,3096.97
13,2013-02-28 TO 2014-02-25,3059.37
14,2013-03-01 TO 2014-02-25,2986.85
15,2013-03-04 TO 2014-02-25,2950.33
16,2013-03-05 TO 2014-02-25,2927.5000000000005
17,2013-03-06 TO 2014-02-25,2902.3042
18,2013-03-07 TO 2014-02-25,2892.5014
19,2013-03-08 TO 2014-02-25,2847.835
20,2013-03-11 TO 2014-02-25,2834.68
21,2013-03-12 TO 2014-02-25,2814.0828
22,2013-03-13 TO 2014-02-25,2776.235
23,2013-03-14 TO 2014-02-25,2764.8685
24,2013-03-15 TO 2014-02-25,2777.36
25,2013-03-18 TO 2014-02-25,2827.9925
26,2013-03-19 TO 2014-02-25,2884.215
27,2013-03-20 TO 2014-02-25,2842.481
28,2013-03-21 TO 2014-02-25,2840.725000000001
29,2013-03-22 TO 2014-02-25,2831.8995
30,2013-03-25 TO 2014-02-25,2835.902600000001
31,2013-03-26 TO 2014-02-25,2802.6975
32,2013-03-27 TO 2014-02-25,2783.04
33,2013-03-28 TO 2014-02-25,2747.23
34,2013-04-01 TO 2014-02-25,2773.841
35,2013-04-02 TO 2014-02-25,2756.7410000000004
36,2013-04-03 TO 2014-02-25,2825.57
37,2013-04-04 TO 2014-02-25,2812.3370000000004
38,2013-04-05 TO 2014-03-04,2835.943
39,2013-04-08 TO 2014-02-25,2806.732
40,2013-04-09 TO 2014-02-25,2777.922
41,2013-04-10 TO 2014-02-25,2725.8920000000003
42,2013-04-11 TO 2014-02-25,2668.363
43,2013-04-12 TO 2014-02-25,2685.577
44,2013-04-15 TO 2014-02-25,2775.3520000000003
45,2013-04-16 TO 2014-02-25,2702.821000000001
46,2013-04-17 TO 2014-02-25,2731.262
47,2013-04-18 TO 2014-02-25,2798.647
48,2013-04-19 TO 2014-02-25,2774.69
49,2013-04-22 TO 2014-02-25,2781.135
50,2013-04-23 TO 2014-02-25,2483.1
51,2013-04-24 TO 2014-02-25,2495.1
52,2013-04-25 TO 2014-02-25,2472.7025
53,2013-04-26 TO 2014-02-25,2457.78
54,2013-04-29 TO 2014-02-25,2392.0074
55,2013-04-30 TO 2014-03-04,2380.1700000000005
56,2013-05-01 TO 2014-03-04,2440.4928000000004
57,2013-05-02 TO 2014-03-04,2391.778500000001
58,2013-05-03 TO 2014-02-25,2360.6088000000004
59,2013-05-06 TO 2014-02-25,2329.31
60,2013-05-07 TO 2014-02-25,2347.992
61,2013-05-08 TO 2014-02-25,2308.351
62,2013-05-09 TO 2014-02-25,2270.7955999999995
63,2013-05-10 TO 2014-02-25,2175.9346
64,2013-05-13 TO 2014-03-04,2183.2887
65,2013-05-14 TO 2014-03-04,2109.6313
66,2013-05-15 TO 2014-03-04,2106.4700000000007
67,2013-05-16 TO 2014-03-04,2118.61
68,2013-05-17 TO 2014-02-25,2063.5914
69,2013-05-20 TO 2014-02-25,2050.89
70,2013-05-21 TO 2014-02-25,2089.804
71,2013-05-22 TO 2014-02-25,2147.7405
72,2013-05-23 TO 2014-02-25,2133.7568
73,2013-05-24 TO 2014-02-25,2123.9284
74,2013-05-28 TO 2014-02-25,2118.175
75,2013-05-29 TO 2014-02-25,2144.2070000000003
76,2013-05-30 TO 2014-02-25,2121.025
77,2013-05-31 TO 2014-02-25,2155.2868000000008
78,2013-06-03 TO 2014-02-25,2155.158
79,2013-06-04 TO 2014-02-25,2184.1712
80,2013-06-05 TO 2014-02-25,2232.167000000001
81,2013-06-06 TO 2014-02-25,2223.973
82,2013-06-07 TO 2014-02-25,2191.895
83,2013-06-10 TO 2014-02-25,2203.596
84,2013-06-11 TO 2014-02-25,2260.484
85,2013-06-12 TO 2014-02-25,2301.984
86,2013-06-13 TO 2014-02-25,2245.6175000000007
87,2013-06-14 TO 2014-02-25,2259.965
88,2013-06-17 TO 2014-02-25,2174.3189
89,2013-06-18 TO 2014-02-25,2132.711
90,2013-06-19 TO 2014-02-25,2190.325
91,2013-06-20 TO 2014-02-25,2262.3071
92,2013-06-21 TO 2014-02-25,2272.9252
93,2013-06-24 TO 2014-06-20,2237.34
94,2013-06-25 TO 2014-02-25,2190.882
95,2013-06-26 TO 2014-02-25,2147.6650000000004
96,2013-06-27 TO 2014-02-25,2120.825
97,2013-06-28 TO 2014-02-25,2119.4005
98,2013-07-01 TO 2014-07-01,2100.99
99,2013-07-02 TO 2014-07-01,2176.52
100,2013-07-03 TO 2014-07-01,2165.38
101,2013-07-05 TO 2014-07-01,2104.08
102,2013-07-08 TO 2014-07-01,2159.845
103,2013-07-09 TO 2014-07-01,2165.31
104,2013-07-10 TO 2014-07-01,2163.2899999999995
105,2013-07-11 TO 2014-07-01,2109.4
106,2013-07-12 TO 2014-07-01,2122.11
107,2013-07-15 TO 2014-07-01,2108.72
108,2013-07-16 TO 2014-07-01,2121.72
109,2013-07-17 TO 2014-07-01,2109.74
110,2013-07-18 TO 2014-07-01,2101.62
111,2013-07-19 TO 2014-07-01,2084.4
112,2013-07-22 TO 2014-07-01,2070.44
113,2013-07-23 TO 2014-07-01,2101.165
114,2013-07-24 TO 2014-07-01,1949.55
115,2013-07-25 TO 2014-07-01,1942.41
116,2013-07-26 TO 2014-07-01,1942.7
117,2013-07-29 TO 2014-07-01,1961.47
118,2013-07-30 TO 2014-07-01,1954.73
119,2013-07-31 TO 2014-07-01,1953.685
120,2013-08-01 TO 2014-07-01,1902.8
121,2013-08-02 TO 2014-07-23,1942.82
122,2013-08-05 TO 2014-07-23,1897.89
123,2013-08-06 TO 2014-07-01,1911.71
124,2013-08-07 TO 2014-07-23,1936.99
125,2013-08-08 TO 2014-07-23,1932.59
126,2013-08-09 TO 2014-07-23,1923.16
127,2013-08-12 TO 2014-07-23,1909.66
128,2013-08-13 TO 2014-07-23,1913.09
129,2013-08-14 TO 2014-07-01,1922.75
130,2013-08-15 TO 2014-07-01,1990.98
131,2013-08-16 TO 2014-07-01,2005.26
132,2013-08-19 TO 2014-07-01,2015.3
133,2013-08-20 TO 2014-07-01,1984.78
134,2013-08-21 TO 2014-07-23,1997.96
135,2013-08-22 TO 2014-07-23,1937.56
136,2013-08-23 TO 2014-07-23,1946.52
137,2013-08-26 TO 2014-07-23,1937.05
138,2013-08-27 TO 2014-07-23,2056.525
139,2013-08-28 TO 2014-07-23,2037.47
140,2013-08-29 TO 2014-07-23,2009.45
141,2013-08-30 TO 2014-07-23,2010.11
142,2013-09-03 TO 2014-07-23,2015.21
143,2013-09-04 TO 2014-07-23,1958.7179999999998
144,2013-09-05 TO 2014-09-02,1914.54
145,2013-09-06 TO 2014-09-02,1931.85
146,2013-09-09 TO 2014-09-08,1913.54
147,2013-09-10 TO 2014-09-08,1842.14
148,2013-09-11 TO 2014-09-10,1806.56
149,2013-09-12 TO 2014-09-08,1824.82
150,2013-09-13 TO 2014-09-10,1811.69
151,2013-09-16 TO 2014-09-08,1803.09
152,2013-09-17 TO 2014-09-08,1763.19
153,2013-09-18 TO 2014-09-18,1798.9049999999993
154,2013-09-19 TO 2014-09-18,1820.699
155,2013-09-20 TO 2014-09-18,1825.82
156,2013-09-23 TO 2014-09-18,1805.32
157,2013-09-24 TO 2014-09-18,1807.22
158,2013-09-25 TO 2014-09-18,1840.49
159,2013-09-26 TO 2014-09-18,1797.3899999999994
160,2013-09-27 TO 2014-09-18,1824.43
161,2013-09-30 TO 2014-09-18,1824.02
162,2013-10-01 TO 2014-09-18,1795.39
163,2013-10-02 TO 2014-09-18,1810.94
164,2013-10-03 TO 2014-09-08,1860.525
165,2013-10-04 TO 2014-09-08,1794.685
166,2013-10-07 TO 2014-09-18,1852.96
167,2013-10-08 TO 2014-09-18,1934.8
168,2013-10-09 TO 2014-09-18,1933.53
169,2013-10-10 TO 2014-09-18,1856.27
170,2013-10-11 TO 2014-09-18,1797.7199999999998
171,2013-10-14 TO 2014-09-18,1782.8099999999995
172,2013-10-15 TO 2014-09-18,1816.73
173,2013-10-16 TO 2014-09-18,1739.0399999999993
174,2013-10-17 TO 2014-09-18,1745.035
175,2013-10-18 TO 2014-09-18,1740.7609999999993
176,2013-10-21 TO 2014-09-18,1722.2199999999998
177,2013-10-22 TO 2014-09-18,1560.81
178,2013-10-23 TO 2014-09-18,1564.8619999999994
179,2013-10-24 TO 2014-10-24,1580.87
180,2013-10-25 TO 2014-10-24,1570.61
181,2013-10-28 TO 2014-10-28,1614.25
182,2013-10-29 TO 2014-10-28,1565.885
183,2013-10-30 TO 2014-10-30,1616.65
184,2013-10-31 TO 2014-10-31,1606.04
185,2013-11-01 TO 2014-10-31,1560.035
186,2013-11-04 TO 2014-11-03,1578.96
187,2013-11-05 TO 2014-11-03,1606.39
188,2013-11-06 TO 2014-11-06,1624.0749999999996
189,2013-11-07 TO 2014-11-06,1680.38
190,2013-11-08 TO 2014-11-06,1611.19
191,2013-11-11 TO 2014-11-06,1612.255
192,2013-11-12 TO 2014-11-06,1587.615
193,2013-11-13 TO 2014-11-06,1604.64
194,2013-11-14 TO 2014-11-03,1637.85
195,2013-11-15 TO 2014-11-06,1638.63
196,2013-11-18 TO 2014-11-18,1732.95
197,2013-11-19 TO 2014-11-18,1765.85
198,2013-11-20 TO 2014-11-18,1752.6
199,2013-11-21 TO 2014-11-18,1651.14
200,2013-11-22 TO 2014-11-18,1640.5299999999993
201,2013-11-25 TO 2014-11-24,1645.715
202,2013-11-26 TO 2014-11-26,1697.09
203,2013-11-27 TO 2014-11-26,1684.2800000000002
204,2013-11-29 TO 2014-11-28,1734.515
205,2013-12-02 TO 2014-11-28,1732.6950000000004
206,2013-12-03 TO 2014-12-03,1775.1899999999996
207,2013-12-04 TO 2014-12-04,1910.295
208,2013-12-05 TO 2014-12-05,1879.9
209,2013-12-06 TO 2014-12-05,1865.47
210,2013-12-09 TO 2014-12-05,1812.56
211,2013-12-10 TO 2014-12-05,1832.23
212,2013-12-11 TO 2014-12-05,1881.91
213,2013-12-12 TO 2014-12-05,1883.65
214,2013-12-13 TO 2014-12-05,1873.96
215,2013-12-16 TO 2014-12-05,1770.0
216,2013-12-17 TO 2014-12-05,1678.23
217,2013-12-18 TO 2014-12-18,1693.4299999999996
218,2013-12-19 TO 2014-12-18,1720.935
219,2013-12-20 TO 2014-12-18,1693.4100000000005
220,2013-12-23 TO 2014-12-22,1700.7
221,2013-12-24 TO 2014-12-24,1684.82
222,2013-12-26 TO 2014-12-26,1704.32
223,2013-12-27 TO 2014-12-26,1732.68
224,2013-12-30 TO 2014-12-26,1732.69
225,2013-12-31 TO 2014-12-26,1722.614
226,2014-01-02 TO 2014-12-26,1739.42
227,2014-01-03 TO 2014-12-26,1692.66
228,2014-01-06 TO 2014-12-22,1713.0300000000002
229,2014-01-07 TO 2014-12-26,1673.5810000000001
230,2014-01-08 TO 2015-01-08,1678.9350000000004
231,2014-01-09 TO 2015-01-08,1676.1200000000006
232,2014-01-10 TO 2015-01-08,1660.21
233,2014-01-13 TO 2015-01-08,1676.8450000000007
234,2014-01-14 TO 2015-01-08,1592.19
235,2014-01-15 TO 2015-01-08,1576.025
236,2014-01-16 TO 2015-01-08,1597.4499999999996
237,2014-01-17 TO 2015-01-08,1540.15
238,2014-01-21 TO 2015-01-21,1538.4849999999994
239,2014-01-22 TO 2015-01-22,1596.895
240,2014-01-23 TO 2015-01-23,1662.44
241,2014-01-24 TO 2015-01-23,1708.5700000000004
242,2014-01-27 TO 2015-01-26,1743.03
243,2014-01-28 TO 2015-01-28,1743.995
244,2014-01-29 TO 2015-01-29,1823.135
245,2014-01-30 TO 2015-01-29,1770.5000000000002
246,2014-01-31 TO 2015-01-29,1782.7775
247,2014-02-03 TO 2015-01-29,1844.17
248,2014-02-04 TO 2015-01-29,1811.705
249,2014-02-05 TO 2015-01-29,1808.18
250,2014-02-06 TO 2015-01-29,1762.25
251,2014-02-07 TO 2015-01-29,1719.77
252,2014-02-10 TO 2015-01-29,1728.455
253,2014-02-11 TO 2015-02-05,1691.37
254,2014-02-12 TO 2015-02-12,1696.065
255,2014-02-13 TO 2015-02-13,1689.1549999999993
256,2014-02-14 TO 2015-02-13,1671.6
257,2014-02-18 TO 2015-02-18,1690.245
258,2014-02-19 TO 2015-02-19,1726.25
259,2014-02-20 TO 2015-02-20,1683.23
260,2014-02-21 TO 2015-02-20,1685.0500000000004
261,2014-02-24 TO 2015-02-24,1677.0400000000004
262,2014-02-25 TO 2015-02-24,1702.45
263,2014-02-26 TO 2015-02-26,1746.0499999999995
264,2014-02-27 TO 2015-02-26,1750.1
265,2014-02-28 TO 2015-02-26,1725.8199999999995
266,2014-03-03 TO 2015-03-02,1749.4399999999996
267,2014-03-04 TO 2015-03-02,1684.4
268,2014-03-05 TO 2015-03-05,1715.5000000000002
269,2014-03-06 TO 2015-03-05,1701.39
270,2014-03-07 TO 2015-03-05,1717.5299999999993
271,2014-03-10 TO 2015-03-05,1713.3924999999995
272,2014-03-11 TO 2015-03-05,1730.5099999999998
273,2014-03-12 TO 2015-03-05,1680.1749999999995
274,2014-03-13 TO 2015-03-05,1710.65
275,2014-03-14 TO 2015-03-05,1719.41
276,2014-03-17 TO 2015-03-16,1802.175
277,2014-03-18 TO 2015-03-18,1796.4050000000002
278,2014-03-19 TO 2015-03-19,1827.73
279,2014-03-20 TO 2015-03-20,1807.355
280,2014-03-21 TO 2015-03-20,1873.87
281,2014-03-24 TO 2015-03-23,1921.29
282,2014-03-25 TO 2015-03-23,1901.445
283,2014-03-26 TO 2015-03-23,1945.06
284,2014-03-27 TO 2015-03-23,1963.95
285,2014-03-28 TO 2015-03-23,1931.14
286,2014-03-31 TO 2015-03-23,1900.965
287,2014-04-01 TO 2015-03-23,1878.82
288,2014-04-02 TO 2015-03-23,1901.395
289,2014-04-03 TO 2015-03-23,1915.535
290,2014-04-04 TO 2015-03-23,2016.905
291,2014-04-07 TO 2015-03-23,2063.9675
292,2014-04-08 TO 2015-03-23,2042.56
293,2014-04-09 TO 2015-03-23,1984.865
294,2014-04-10 TO 2015-03-23,2098.65
295,2014-04-11 TO 2015-03-23,2146.49
296,2014-04-14 TO 2015-03-23,2127.99
297,2014-04-15 TO 2015-03-20,2132.86
298,2014-04-16 TO 2015-03-23,2117.85
299,2014-04-17 TO 2015-03-23,2093.0750000000007
300,2014-04-21 TO 2015-03-23,2018.43
301,2014-04-22 TO 2015-03-23,1898.91
302,2014-04-23 TO 2015-04-23,1866.9300000000005
303,2014-04-24 TO 2015-04-23,1835.6425
304,2014-04-25 TO 2015-04-23,1894.13
305,2014-04-28 TO 2015-04-23,1902.71
306,2014-04-29 TO 2015-03-23,1869.29
307,2014-04-30 TO 2015-04-23,1824.4674999999993
308,2014-05-01 TO 2015-03-23,1802.41
309,2014-05-02 TO 2015-03-23,1786.0700000000004
310,2014-05-05 TO 2015-03-23,1757.84
311,2014-05-06 TO 2015-04-23,1730.78
312,2014-05-07 TO 2015-04-23,1732.04
313,2014-05-08 TO 2015-04-23,1768.86
314,2014-05-09 TO 2015-04-23,1716.99
315,2014-05-12 TO 2015-04-23,1612.5675
316,2014-05-13 TO 2015-04-23,1641.4899999999998
317,2014-05-14 TO 2015-03-23,1647.9250000000004
318,2014-05-15 TO 2015-04-23,1737.4350000000004
319,2014-05-16 TO 2015-04-23,1772.8889999999994
320,2014-05-19 TO 2015-05-19,1771.09
321,2014-05-20 TO 2015-05-20,1823.215
322,2014-05-21 TO 2015-05-20,1828.875
323,2014-05-22 TO 2015-05-22,1808.775
324,2014-05-23 TO 2015-05-22,1807.21
325,2014-05-27 TO 2015-05-27,1821.09
326,2014-05-28 TO 2015-05-27,1837.55
327,2014-05-29 TO 2015-05-29,1887.14
328,2014-05-30 TO 2015-05-29,1874.005
329,2014-06-02 TO 2015-05-29,1876.2
330,2014-06-03 TO 2015-05-29,1789.36
331,2014-06-04 TO 2015-05-29,1737.15
332,2014-06-05 TO 2015-05-29,1725.455
333,2014-06-06 TO 2015-05-29,1738.6500000000005
334,2014-06-09 TO 2015-05-29,1714.66
335,2014-06-10 TO 2015-05-29,1699.555
336,2014-06-11 TO 2015-05-29,1685.85
337,2014-06-12 TO 2015-05-29,1711.6850000000004
338,2014-06-13 TO 2015-05-29,1706.175
339,2014-06-16 TO 2015-05-29,1704.8
340,2014-06-17 TO 2015-05-29,1674.4299999999996
341,2014-06-18 TO 2015-05-29,1685.57
342,2014-06-19 TO 2015-05-29,1693.375
343,2014-06-20 TO 2015-05-29,1667.31
344,2014-06-23 TO 2015-06-22,1687.04
345,2014-06-24 TO 2015-06-22,1740.65
346,2014-06-25 TO 2015-06-22,1716.415
347,2014-06-26 TO 2015-06-22,1736.85
348,2014-06-27 TO 2015-06-22,1741.0100000000002
349,2014-06-30 TO 2015-06-22,1693.915
350,2014-07-01 TO 2015-06-22,1632.705
351,2014-07-02 TO 2015-06-22,1625.82
352,2014-07-03 TO 2015-06-22,1609.795
353,2014-07-07 TO 2015-06-22,1673.705
354,2014-07-08 TO 2015-06-22,1737.105
355,2014-07-09 TO 2015-06-22,1724.245
356,2014-07-10 TO 2015-06-22,1755.5099999999998
357,2014-07-11 TO 2015-06-22,1755.2650000000006
358,2014-07-14 TO 2015-06-22,1742.05
359,2014-07-15 TO 2015-06-22,1797.85
360,2014-07-16 TO 2015-06-22,1823.51
361,2014-07-17 TO 2015-06-22,1875.905
362,2014-07-18 TO 2015-06-22,1708.155
363,2014-07-21 TO 2015-06-22,1686.235
364,2014-07-22 TO 2015-06-22,1640.255
365,2014-07-23 TO 2015-07-20,1648.645
366,2014-07-24 TO 2015-05-29,1683.7199999999998
367,2014-07-25 TO 2015-06-22,1780.315
368,2014-07-28 TO 2015-06-22,1752.1199999999994
369,2014-07-29 TO 2015-07-17,1730.95
370,2014-07-30 TO 2015-06-22,1724.085
371,2014-07-31 TO 2015-06-22,1814.62
372,2014-08-01 TO 2015-07-17,1807.92
373,2014-08-04 TO 2015-07-17,1760.33
374,2014-08-05 TO 2015-06-22,1797.05
375,2014-08-06 TO 2015-07-17,1764.428
376,2014-08-07 TO 2015-07-17,1822.76
377,2014-08-08 TO 2015-06-22,1797.34
378,2014-08-11 TO 2015-06-22,1755.5600000000004
379,2014-08-12 TO 2015-06-22,1755.31
380,2014-08-13 TO 2015-06-22,1683.21
381,2014-08-14 TO 2015-06-22,1659.685
382,2014-08-15 TO 2015-07-17,1632.87
383,2014-08-18 TO 2015-06-22,1616.515
384,2014-08-19 TO 2015-06-22,1584.19
385,2014-08-20 TO 2015-06-22,1577.055
386,2014-08-21 TO 2015-06-22,1609.87
387,2014-08-22 TO 2015-06-22,1610.8200000000004
388,2014-08-25 TO 2015-06-22,1567.62
389,2014-08-26 TO 2015-06-22,1535.77
390,2014-08-27 TO 2015-06-22,1541.915
391,2014-08-28 TO 2015-07-17,1525.22
392,2014-08-29 TO 2015-07-17,1489.7600000000002
393,2014-09-02 TO 2015-06-22,1527.66
394,2014-09-03 TO 2015-06-22,1562.16
395,2014-09-04 TO 2015-06-22,1584.4600000000007
396,2014-09-05 TO 2015-06-22,1545.9
397,2014-09-08 TO 2015-06-22,1519.055
398,2014-09-09 TO 2015-06-22,1562.94
399,2014-09-10 TO 2015-06-22,1547.98
400,2014-09-11 TO 2015-06-22,1578.7199999999998
401,2014-09-12 TO 2015-06-22,1628.61
402,2014-09-15 TO 2015-06-22,1676.07
403,2014-09-16 TO 2015-09-11,1606.5099999999998
404,2014-09-17 TO 2015-09-17,1631.9600000000007
405,2014-09-18 TO 2015-09-17,1597.15
406,2014-09-19 TO 2015-09-17,1614.85
407,2014-09-22 TO 2015-08-17,1671.7379999999998
408,2014-09-23 TO 2015-09-17,1678.27
409,2014-09-24 TO 2015-09-11,1627.7599999999998
410,2014-09-25 TO 2015-09-17,1685.7200000000007
411,2014-09-26 TO 2015-09-17,1647.13
412,2014-09-29 TO 2015-09-11,1646.48
413,2014-09-30 TO 2015-09-17,1683.9
414,2014-10-01 TO 2015-09-17,1732.15
415,2014-10-02 TO 2015-09-17,1747.0700000000004
416,2014-10-03 TO 2015-09-11,1694.91
417,2014-10-06 TO 2015-09-17,1703.6600000000005
418,2014-10-07 TO 2015-09-17,1763.11
419,2014-10-08 TO 2015-09-11,1727.77
420,2014-10-09 TO 2015-09-17,1752.88
421,2014-10-10 TO 2015-07-20,1857.76
422,2014-10-13 TO 2015-05-29,1947.205
423,2014-10-14 TO 2015-09-16,1855.26
424,2014-10-15 TO 2015-09-17,1834.1500000000005
425,2014-10-16 TO 2015-08-17,1904.686
426,2014-10-17 TO 2015-08-17,1905.342
427,2014-10-20 TO 2015-08-17,1869.079
428,2014-10-21 TO 2015-08-17,1802.538
429,2014-10-22 TO 2015-08-17,1794.566
430,2014-10-23 TO 2015-08-17,1702.4709999999998
431,2014-10-24 TO 2015-08-17,1692.652
432,2014-10-27 TO 2015-08-17,1652.671
433,2014-10-28 TO 2015-08-17,1608.348
434,2014-10-29 TO 2015-10-29,1645.9216
435,2014-10-30 TO 2015-10-30,1594.259
436,2014-10-31 TO 2015-10-30,1522.3203999999996
437,2014-11-03 TO 2015-11-02,1530.7415999999996
438,2014-11-04 TO 2015-11-04,1640.0888
439,2014-11-05 TO 2015-11-05,1753.8605
440,2014-11-06 TO 2015-11-06,1766.6645000000005
441,2014-11-07 TO 2015-11-06,1740.4104999999995
442,2014-11-10 TO 2015-11-06,1687.8231999999996
443,2014-11-11 TO 2015-11-11,1689.3004
444,2014-11-12 TO 2015-11-11,1693.9516
445,2014-11-13 TO 2015-11-11,1646.5558
446,2014-11-14 TO 2015-11-11,1555.5445
447,2014-11-17 TO 2015-11-11,1600.9195000000002
448,2014-11-18 TO 2015-11-18,1629.5047999999995
449,2014-11-19 TO 2015-11-18,1665.5073999999993
450,2014-11-20 TO 2015-11-20,1672.4174000000005
451,2014-11-21 TO 2015-11-20,1679.5235000000002
452,2014-11-24 TO 2015-11-23,1713.9122000000002
453,2014-11-25 TO 2015-11-23,1733.7786999999996
454,2014-11-26 TO 2015-11-23,1734.9537
455,2014-11-28 TO 2015-11-23,1721.0648
456,2014-12-01 TO 2015-12-01,1843.59
457,2014-12-02 TO 2015-12-02,1802.4759
458,2014-12-03 TO 2015-12-02,1882.316
459,2014-12-04 TO 2015-12-04,1905.083
460,2014-12-05 TO 2015-12-04,1927.4360000000001
461,2014-12-08 TO 2015-12-04,1990.529
462,2014-12-09 TO 2015-12-04,1947.156
463,2014-12-10 TO 2015-12-04,2018.98
464,2014-12-11 TO 2015-12-04,2006.708
465,2014-12-12 TO 2015-12-04,2010.307
466,2014-12-15 TO 2015-12-04,2037.71
467,2014-12-16 TO 2015-12-04,2140.738
468,2014-12-17 TO 2015-12-04,2063.378
469,2014-12-18 TO 2015-12-04,2063.798
470,2014-12-19 TO 2015-12-04,2035.965
471,2014-12-22 TO 2015-12-04,2006.019
472,2014-12-23 TO 2015-12-04,2007.451
473,2014-12-24 TO 2015-12-04,2008.586
474,2014-12-26 TO 2015-12-04,1982.3650000000007
475,2014-12-29 TO 2015-12-04,1958.889
476,2014-12-30 TO 2015-12-04,1966.732
477,2014-12-31 TO 2015-12-04,1970.621
478,2015-01-02 TO 2015-12-04,1960.295
479,2015-01-05 TO 2015-12-04,2049.366
480,2015-01-06 TO 2015-12-04,2113.686
481,2015-01-07 TO 2015-12-04,2097.857
482,2015-01-08 TO 2015-12-04,2059.808
483,2015-01-09 TO 2015-12-04,2099.416
484,2015-01-12 TO 2015-12-04,2161.339
485,2015-01-13 TO 2015-12-04,2136.468
486,2015-01-14 TO 2015-12-04,2137.59
487,2015-01-15 TO 2015-12-04,2180.486000000001
488,2015-01-16 TO 2015-12-04,2098.606
489,2015-01-20 TO 2015-12-04,2074.655
490,2015-01-21 TO 2015-12-29,1890.846
491,2015-01-22 TO 2015-12-29,1766.9879
492,2015-01-23 TO 2015-12-29,1739.9365000000007
493,2015-01-26 TO 2015-12-29,1756.7608000000002
494,2015-01-27 TO 2015-12-29,1789.4586
495,2015-01-28 TO 2015-12-29,1807.1515
496,2015-01-29 TO 2015-12-29,1749.4501000000007
497,2015-01-30 TO 2015-12-04,1441.7830000000006
498,2015-02-02 TO 2015-12-04,1403.2279999999998
499,2015-02-03 TO 2015-12-04,1358.678
500,2015-02-04 TO 2015-12-04,1380.156
501,2015-02-05 TO 2015-12-04,1342.211
502,2015-02-06 TO 2015-12-04,1350.9610000000002
503,2015-02-09 TO 2015-12-04,1365.7710000000004
504,2015-02-10 TO 2015-12-04,1327.131
505,2015-02-11 TO 2015-12-04,1317.3380000000002
506,2015-02-12 TO 2015-12-04,1300.109
507,2015-02-13 TO 2015-12-04,1260.7240000000004
508,2015-02-17 TO 2015-12-04,1273.694
509,2015-02-18 TO 2015-12-04,1270.9740000000004
510,2015-02-19 TO 2015-12-04,1252.101
511,2015-02-20 TO 2015-12-04,1230.333
512,2015-02-23 TO 2015-12-04,1253.3139999999999
513,2015-02-24 TO 2015-12-04,1249.661
514,2015-02-25 TO 2015-12-04,1218.047
515,2015-02-26 TO 2015-12-04,1210.458
516,2015-02-27 TO 2015-12-04,1246.938
517,2015-03-02 TO 2015-12-04,1213.7040000000004
518,2015-03-03 TO 2015-12-04,1233.704
519,2015-03-04 TO 2015-12-04,1250.121
520,2015-03-05 TO 2015-12-04,1237.899
521,2015-03-06 TO 2015-12-04,1297.7980000000002
522,2015-03-09 TO 2015-12-04,1322.996
523,2015-03-10 TO 2015-12-04,1384.266
524,2015-03-11 TO 2015-12-04,1377.888
525,2015-03-12 TO 2015-12-04,1331.6529999999998
526,2015-03-13 TO 2015-12-04,1366.795
527,2015-03-16 TO 2015-12-04,1395.006
528,2015-03-17 TO 2015-12-04,1409.06
529,2015-03-18 TO 2015-12-04,1386.8129999999999
530,2015-03-19 TO 2015-12-04,1389.433
531,2015-03-20 TO 2015-12-04,1363.201
532,2015-03-23 TO 2015-12-04,1386.2479999999998
533,2015-03-24 TO 2015-12-04,1355.306
534,2015-03-25 TO 2015-12-04,1409.806
535,2015-03-26 TO 2015-12-04,1434.561
536,2015-03-27 TO 2015-12-04,1429.6419999999996
537,2015-03-30 TO 2015-12-04,1394.279
538,2015-03-31 TO 2015-12-04,1424.5240000000006
539,2015-04-01 TO 2015-12-04,1439.509
540,2015-04-02 TO 2015-12-04,1428.3180000000002
541,2015-04-06 TO 2015-12-04,1389.9660000000001
542,2015-04-07 TO 2015-12-04,1393.948
543,2015-04-08 TO 2015-12-04,1325.661
544,2015-04-09 TO 2015-12-04,1323.3529999999998
545,2015-04-10 TO 2015-12-04,1288.01
546,2015-04-13 TO 2015-12-04,1239.6660000000004
547,2015-04-14 TO 2015-12-04,1219.069
548,2015-04-15 TO 2015-12-04,1235.1420000000005
549,2015-04-16 TO 2015-12-29,1138.0172
550,2015-04-17 TO 2015-12-29,1193.305
551,2015-04-20 TO 2015-12-29,1126.275
552,2015-04-21 TO 2015-12-29,1111.91
553,2015-04-22 TO 2015-12-29,1116.18
554,2015-04-23 TO 2015-12-29,1111.5
555,2015-04-24 TO 2016-04-06,926.08
556,2015-04-27 TO 2016-04-06,977.3200000000003
557,2015-04-28 TO 2016-04-06,975.95
558,2015-04-29 TO 2016-04-06,981.24
559,2015-04-30 TO 2016-04-06,1006.505
560,2015-05-01 TO 2016-04-06,971.02
561,2015-05-04 TO 2016-05-02,962.71
562,2015-05-05 TO 2016-05-02,1004.89
563,2015-05-06 TO 2016-05-02,1008.23
564,2015-05-07 TO 2016-04-06,998.765
565,2015-05-08 TO 2016-04-06,985.375
566,2015-05-11 TO 2016-05-10,1005.225
567,2015-05-12 TO 2016-05-12,1005.76
568,2015-05-13 TO 2016-05-13,1055.1999999999996
569,2015-05-14 TO 2016-05-13,1020.63
570,2015-05-15 TO 2016-05-13,1033.7399999999998
571,2015-05-18 TO 2016-05-16,1049.4299999999996
572,2015-05-19 TO 2016-05-16,1076.85
573,2015-05-20 TO 2016-05-16,1064.65
574,2015-05-21 TO 2016-05-16,1017.27
575,2015-05-22 TO 2016-05-16,1042.9999999999998
576,2015-05-26 TO 2016-05-26,1106.3899999999996
577,2015-05-27 TO 2016-05-26,1047.87
578,2015-05-28 TO 2016-05-26,1072.22
579,2015-05-29 TO 2016-05-26,1056.5899999999997
580,2015-06-01 TO 2016-05-31,1076.55
581,2015-06-02 TO 2016-06-02,1100.41
582,2015-06-03 TO 2016-06-02,1065.74
583,2015-06-04 TO 2016-06-02,1099.6
584,2015-06-05 TO 2016-06-02,1119.13
585,2015-06-08 TO 2016-06-02,1151.45
586,2015-06-09 TO 2016-06-09,1138.58
587,2015-06-10 TO 2016-06-09,1109.15
588,2015-06-11 TO 2016-06-09,1091.7099999999996
589,2015-06-12 TO 2016-06-09,1121.4499999999996
590,2015-06-15 TO 2016-06-09,1164.1999999999996
591,2015-06-16 TO 2016-06-02,1135.59
592,2015-06-17 TO 2016-06-09,1125.0
593,2015-06-18 TO 2016-06-09,1051.46
594,2015-06-19 TO 2016-06-09,1073.4299999999996
595,2015-06-22 TO 2016-06-02,1067.875
596,2015-06-23 TO 2016-06-23,1062.4
597,2015-06-24 TO 2016-06-23,1086.14
598,2015-06-25 TO 2016-06-23,1088.53
599,2015-06-26 TO 2016-06-23,1100.48
600,2015-06-29 TO 2016-06-23,1148.7800000000002
601,2015-06-30 TO 2016-06-30,1168.69
602,2015-07-01 TO 2016-07-01,1161.14
603,2015-07-02 TO 2016-07-01,1142.35
604,2015-07-06 TO 2016-07-06,1185.4899999999998
605,2015-07-07 TO 2016-07-07,1215.34
606,2015-07-08 TO 2016-07-08,1293.24
607,2015-07-09 TO 2016-07-08,1276.61
608,2015-07-10 TO 2016-07-08,1240.21
609,2015-07-13 TO 2016-07-11,1223.4350000000004
610,2015-07-14 TO 2016-07-11,1194.4600000000005
611,2015-07-15 TO 2016-07-11,1216.735
612,2015-07-16 TO 2016-07-13,1205.36
613,2015-07-17 TO 2016-07-14,1244.3300000000004
614,2015-07-20 TO 2016-07-19,1306.31
615,2015-07-21 TO 2016-07-19,1312.11
616,2015-07-22 TO 2016-07-22,1341.35
617,2015-07-23 TO 2016-07-22,1361.06
618,2015-07-24 TO 2016-07-22,1388.7000000000005
619,2015-07-27 TO 2016-07-26,1444.1999999999996
620,2015-07-28 TO 2016-07-28,1414.42
621,2015-07-29 TO 2016-07-29,1391.9799999999998
622,2015-07-30 TO 2016-07-28,1390.13
623,2015-07-31 TO 2016-07-28,1397.24
624,2015-08-03 TO 2016-08-01,1482.47
625,2015-08-04 TO 2016-08-01,1448.67
626,2015-08-05 TO 2016-08-01,1450.71
627,2015-08-06 TO 2016-08-01,1441.92
628,2015-08-07 TO 2016-08-01,1409.95
629,2015-08-10 TO 2016-08-01,1372.78
630,2015-08-11 TO 2016-08-11,1399.54
631,2015-08-12 TO 2016-08-12,1434.0700000000004
632,2015-08-13 TO 2016-08-12,1460.8
633,2015-08-14 TO 2016-08-12,1454.12
634,2015-08-17 TO 2016-08-15,1436.68
635,2015-08-18 TO 2016-08-15,1463.72
636,2015-08-19 TO 2016-08-15,1473.82
637,2015-08-20 TO 2016-08-15,1491.81
638,2015-08-21 TO 2016-08-15,1588.9599999999996
639,2015-08-24 TO 2016-08-23,1719.2199999999998
640,2015-08-25 TO 2016-08-23,1783.65
641,2015-08-26 TO 2016-08-23,1722.8399999999995
642,2015-08-27 TO 2016-08-23,1613.6099999999994
643,2015-08-28 TO 2016-08-23,1597.87
644,2015-08-31 TO 2016-08-23,1610.3999999999994
645,2015-09-01 TO 2016-08-23,1708.46
646,2015-09-02 TO 2016-08-23,1685.63
647,2015-09-03 TO 2016-08-23,1669.3349999999996
648,2015-09-04 TO 2016-08-23,1712.385
649,2015-09-08 TO 2016-08-23,1659.29
650,2015-09-09 TO 2016-08-23,1683.1699999999996
651,2015-09-10 TO 2016-08-23,1676.975
652,2015-09-11 TO 2016-08-23,1666.805
653,2015-09-14 TO 2016-08-23,1676.36
654,2015-09-15 TO 2016-08-23,1614.64
655,2015-09-16 TO 2016-08-23,1583.63
656,2015-09-17 TO 2016-08-23,1573.6149999999998
657,2015-09-18 TO 2016-08-23,1582.65
658,2015-09-21 TO 2016-08-23,1582.2700000000002
659,2015-09-22 TO 2016-08-23,1641.655
660,2015-09-23 TO 2016-08-23,1653.91
661,2015-09-24 TO 2016-08-23,1609.94
662,2015-09-25 TO 2016-08-15,1619.34
663,2015-09-28 TO 2016-08-15,1767.5099999999998
664,2015-09-29 TO 2016-08-15,1768.1999999999996
665,2015-09-30 TO 2016-08-15,1719.56
666,2015-10-01 TO 2016-08-15,1732.7799999999993
667,2015-10-02 TO 2016-09-30,1558.4999999999998
668,2015-10-05 TO 2016-09-30,1501.17
669,2015-10-06 TO 2016-09-30,1494.6999999999996
670,2015-10-07 TO 2016-09-30,1450.67
671,2015-10-08 TO 2016-09-30,1413.8249999999996
672,2015-10-09 TO 2016-09-30,1406.56
673,2015-10-12 TO 2016-09-30,1406.185
674,2015-10-13 TO 2016-09-30,1431.81
675,2015-10-14 TO 2016-08-23,1416.13
676,2015-10-15 TO 2016-08-23,1398.9
677,2015-10-16 TO 2016-08-23,1351.1999999999996
678,2015-10-19 TO 2016-08-23,1341.33
679,2015-10-20 TO 2016-09-30,1334.4599999999996
680,2015-10-21 TO 2016-09-30,1364.66
681,2015-10-22 TO 2016-08-23,1318.35
682,2015-10-23 TO 2016-08-23,1318.7999999999995
683,2015-10-26 TO 2016-09-30,1333.48
684,2015-10-27 TO 2016-09-30,1341.2199999999998
685,2015-10-28 TO 2016-09-30,1319.36
686,2015-10-29 TO 2016-09-30,1326.44
687,2015-10-30 TO 2016-09-30,1326.8299999999995
688,2015-11-02 TO 2016-09-30,1302.39
689,2015-11-03 TO 2016-09-30,1298.87
690,2015-11-04 TO 2016-09-30,1312.1799999999996
691,2015-11-05 TO 2016-09-30,1396.37
692,2015-11-06 TO 2016-09-30,1309.74
693,2015-11-09 TO 2016-09-30,1332.37
694,2015-11-10 TO 2016-09-30,1355.0999999999995
695,2015-11-11 TO 2016-11-11,1399.56
696,2015-11-12 TO 2016-11-11,1472.4500000000005
697,2015-11-13 TO 2016-11-11,1451.5700000000004
698,2015-11-16 TO 2016-11-16,1514.53
699,2015-11-17 TO 2016-11-17,1569.755
700,2015-11-18 TO 2016-11-18,1538.0599999999995
701,2015-11-19 TO 2016-11-18,1523.88
702,2015-11-20 TO 2016-11-18,1528.72
703,2015-11-23 TO 2016-11-23,1626.12
704,2015-11-24 TO 2016-11-23,1585.3
705,2015-11-25 TO 2016-11-25,1573.8000000000004
706,2015-11-27 TO 2016-11-25,1589.4999999999998
707,2015-11-30 TO 2016-11-25,1559.19
708,2015-12-01 TO 2016-11-25,1533.78
709,2015-12-02 TO 2016-11-25,1589.44
710,2015-12-03 TO 2016-11-25,1610.4800000000002
711,2015-12-04 TO 2016-11-23,1610.62
712,2015-12-07 TO 2016-12-07,1752.13
713,2015-12-08 TO 2016-12-08,1818.74
714,2015-12-09 TO 2016-12-08,1807.78
715,2015-12-10 TO 2016-12-08,1812.5400000000006
716,2015-12-11 TO 2016-12-08,1904.28
717,2015-12-14 TO 2016-12-08,1928.8
718,2015-12-15 TO 2016-12-15,1894.25
719,2015-12-16 TO 2016-12-16,1836.4
720,2015-12-17 TO 2016-12-16,1904.42
721,2015-12-18 TO 2016-12-16,1932.97
722,2015-12-21 TO 2016-12-20,1920.21
723,2015-12-22 TO 2016-12-22,1868.93
724,2015-12-23 TO 2016-12-23,1841.47
725,2015-12-24 TO 2016-12-23,1832.77
726,2015-12-28 TO 2016-12-27,1958.0
727,2015-12-29 TO 2016-12-27,1929.41
728,2015-12-30 TO 2016-12-27,1968.9300000000005
729,2015-12-31 TO 2016-12-27,1963.22
730,2016-01-04 TO 2016-12-27,1963.47
731,2016-01-05 TO 2016-12-27,1973.57
732,2016-01-06 TO 2016-12-27,2057.78
733,2016-01-07 TO 2016-12-27,2159.47
734,2016-01-08 TO 2016-12-27,2190.74
735,2016-01-11 TO 2016-12-27,2267.99
736,2016-01-12 TO 2016-12-27,2292.65
737,2016-01-13 TO 2016-12-27,2473.0599999999995
738,2016-01-14 TO 2016-12-27,2362.02
739,2016-01-15 TO 2016-12-27,2528.1
740,2016-01-19 TO 2016-12-27,2605.580000000001
741,2016-01-20 TO 2016-12-27,2671.82
742,2016-01-21 TO 2016-12-27,2488.33
743,2016-01-22 TO 2016-12-27,2382.24
744,2016-01-25 TO 2016-12-27,2550.53
745,2016-01-26 TO 2016-12-27,2441.94
746,2016-01-27 TO 2017-01-27,2513.18
747,2016-01-28 TO 2017-01-27,2728.61
748,2016-01-29 TO 2017-01-27,2581.19
749,2016-02-01 TO 2017-02-01,2641.73
750,2016-02-02 TO 2017-02-01,2776.63
751,2016-02-03 TO 2017-02-03,2666.4
752,2016-02-04 TO 2017-02-03,2600.0199999999995
753,2016-02-05 TO 2017-02-03,2670.82
754,2016-02-08 TO 2017-02-06,2909.7900000000004
755,2016-02-09 TO 2017-02-03,3003.37
756,2016-02-10 TO 2017-02-03,2981.48
757,2016-02-11 TO 2017-02-03,3081.05
758,2016-02-12 TO 2017-02-03,2957.42
759,2016-02-16 TO 2017-02-03,2827.36
760,2016-02-17 TO 2017-02-03,2773.7700000000004
761,2016-02-18 TO 2017-02-03,2718.69
762,2016-02-19 TO 2017-02-03,2787.86
763,2016-02-22 TO 2017-02-03,2612.5
764,2016-02-23 TO 2017-02-03,2712.71
765,2016-02-24 TO 2017-02-03,2676.5
766,2016-02-25 TO 2017-02-03,2658.55
767,2016-02-26 TO 2017-02-03,2568.2
768,2016-02-29 TO 2017-02-03,2563.82
769,2016-03-01 TO 2017-02-03,2511.38
770,2016-03-02 TO 2017-02-03,2362.17
771,2016-03-03 TO 2017-02-03,2285.71
772,2016-03-04 TO 2017-02-03,2246.03
773,2016-03-07 TO 2017-02-07,2174.46
774,2016-03-08 TO 2017-02-03,2340.97
775,2016-03-09 TO 2017-02-03,2276.72
776,2016-03-10 TO 2017-02-03,2275.58
777,2016-03-11 TO 2017-02-07,2165.385
778,2016-03-14 TO 2017-02-07,2162.600000000001
779,2016-03-15 TO 2017-03-15,2268.96
780,2016-03-16 TO 2017-03-15,2268.44
781,2016-03-17 TO 2017-03-15,2278.84
782,2016-03-18 TO 2017-03-15,2200.5
783,2016-03-21 TO 2017-03-20,2139.04
784,2016-03-22 TO 2017-03-20,2132.4500000000007
785,2016-03-23 TO 2017-03-20,2184.56
786,2016-03-24 TO 2017-03-20,2138.45
787,2016-03-28 TO 2017-03-20,2159.21
788,2016-03-29 TO 2017-03-20,2119.94
789,2016-03-30 TO 2017-03-20,2129.28
790,2016-03-31 TO 2017-03-20,2055.25
791,2016-04-01 TO 2017-02-07,2069.390000000001
792,2016-04-04 TO 2017-02-07,2116.2
793,2016-04-05 TO 2017-02-07,2148.68
794,2016-04-06 TO 2017-02-07,2126.26
795,2016-04-07 TO 2017-02-07,2164.96
796,2016-04-08 TO 2017-02-07,2118.7000000000007
797,2016-04-11 TO 2017-02-07,2118.56
798,2016-04-12 TO 2017-02-07,2102.93
799,2016-04-13 TO 2017-02-07,2013.44
800,2016-04-14 TO 2017-02-07,2060.77
801,2016-04-15 TO 2017-02-07,2076.12
802,2016-04-18 TO 2017-02-07,2059.0
803,2016-04-19 TO 2017-02-07,2075.37
804,2016-04-20 TO 2017-02-07,2060.68
805,2016-04-21 TO 2017-02-07,1978.34
806,2016-04-22 TO 2017-02-07,1929.54
807,2016-04-25 TO 2017-02-07,1965.58
808,2016-04-26 TO 2017-03-20,1929.49
809,2016-04-27 TO 2017-03-20,1930.02
810,2016-04-28 TO 2017-03-20,1978.5800000000006
811,2016-04-29 TO 2017-04-25,2060.81
812,2016-05-02 TO 2017-04-25,2074.82
813,2016-05-03 TO 2017-04-25,2146.5699999999993
814,2016-05-04 TO 2017-03-20,2200.84
815,2016-05-05 TO 2017-02-07,2209.8
816,2016-05-06 TO 2017-02-07,2230.27
817,2016-05-09 TO 2017-02-07,2255.17
818,2016-05-10 TO 2017-05-10,2316.74
819,2016-05-11 TO 2017-05-11,2413.18
820,2016-05-12 TO 2017-05-12,2475.32
821,2016-05-13 TO 2017-05-12,2384.88
822,2016-05-16 TO 2017-05-16,2473.68
823,2016-05-17 TO 2017-05-16,2438.36
824,2016-05-18 TO 2017-05-16,2348.13
825,2016-05-19 TO 2017-05-16,2372.34
826,2016-05-20 TO 2017-05-16,2231.46
827,2016-05-23 TO 2017-05-16,2193.26
828,2016-05-24 TO 2017-05-24,2135.4
829,2016-05-25 TO 2017-05-25,2096.34
830,2016-05-26 TO 2017-05-26,2114.29
831,2016-05-27 TO 2017-05-26,2080.96
832,2016-05-31 TO 2017-05-30,2068.3
833,2016-06-01 TO 2017-06-01,2043.35
834,2016-06-02 TO 2017-06-02,2029.52
835,2016-06-03 TO 2017-06-02,2053.5
836,2016-06-06 TO 2017-06-06,2117.93
837,2016-06-07 TO 2017-06-07,2142.94
838,2016-06-08 TO 2017-06-08,2270.58
839,2016-06-09 TO 2017-06-08,2242.79
840,2016-06-10 TO 2017-06-08,2302.94
841,2016-06-13 TO 2017-06-08,2299.26
842,2016-06-14 TO 2017-06-08,2307.92
843,2016-06-15 TO 2017-06-08,2290.02
844,2016-06-16 TO 2017-06-08,2274.06
845,2016-06-17 TO 2017-06-08,2269.95
846,2016-06-20 TO 2017-06-08,2236.39
847,2016-06-21 TO 2017-06-08,2229.11
848,2016-06-22 TO 2017-06-08,2235.3100000000004
849,2016-06-23 TO 2017-06-08,2158.9
850,2016-06-24 TO 2017-06-08,2307.5200000000004
851,2016-06-27 TO 2017-06-08,2451.19
852,2016-06-28 TO 2017-06-08,2347.3899999999994
853,2016-06-29 TO 2017-06-08,2281.0199999999995
854,2016-06-30 TO 2017-06-08,2229.99
855,2016-07-01 TO 2017-06-08,2272.2
856,2016-07-05 TO 2017-06-08,2308.45
857,2016-07-06 TO 2017-06-08,2300.26
858,2016-07-07 TO 2017-06-08,2252.82
859,2016-07-08 TO 2017-06-08,2157.07
860,2016-07-11 TO 2017-06-08,2114.13
861,2016-07-12 TO 2017-07-12,2072.85
862,2016-07-13 TO 2017-07-12,2060.22
863,2016-07-14 TO 2017-07-14,2063.7
864,2016-07-15 TO 2017-07-14,2099.34
865,2016-07-18 TO 2017-07-18,2090.44
866,2016-07-19 TO 2017-07-18,2272.0
867,2016-07-20 TO 2017-07-20,2222.19
868,2016-07-21 TO 2017-07-21,2351.94
869,2016-07-22 TO 2017-07-21,2305.63
870,2016-07-25 TO 2017-07-21,2219.75
871,2016-07-26 TO 2017-07-21,2112.95
872,2016-07-27 TO 2017-07-21,2126.34
873,2016-07-28 TO 2017-07-21,2139.36
874,2016-07-29 TO 2017-07-21,2132.37
875,2016-08-01 TO 2017-07-21,2126.13
876,2016-08-02 TO 2017-07-21,2172.11
877,2016-08-03 TO 2017-07-21,2172.97
878,2016-08-04 TO 2017-07-21,2145.69
879,2016-08-05 TO 2017-07-21,2071.51
880,2016-08-08 TO 2017-07-21,2073.29
881,2016-08-09 TO 2017-07-21,2076.98
882,2016-08-10 TO 2017-07-21,2140.84
883,2016-08-11 TO 2017-07-21,2080.57
884,2016-08-12 TO 2017-07-21,1993.67
885,2016-08-15 TO 2017-07-21,1955.62
886,2016-08-16 TO 2017-07-21,1970.53
887,2016-08-17 TO 2017-07-21,2015.86
888,2016-08-18 TO 2017-07-21,1965.66
889,2016-08-19 TO 2017-07-21,1938.61
890,2016-08-22 TO 2017-07-21,1945.72
891,2016-08-23 TO 2017-07-21,1926.55
892,2016-08-24 TO 2017-07-21,1987.61
893,2016-08-25 TO 2017-07-21,1952.295
894,2016-08-26 TO 2017-07-21,1927.86
895,2016-08-29 TO 2017-07-21,1923.08
896,2016-08-30 TO 2017-07-21,1932.79
897,2016-08-31 TO 2017-07-21,1951.34
898,2016-09-01 TO 2017-07-21,1931.01
899,2016-09-02 TO 2017-07-21,1923.07
900,2016-09-06 TO 2017-07-21,1885.5
901,2016-09-07 TO 2017-07-26,1871.02
902,2016-09-08 TO 2017-07-26,1861.12
903,2016-09-09 TO 2017-07-26,1986.13
904,2016-09-12 TO 2017-09-12,1980.7000000000005
905,2016-09-13 TO 2017-09-12,2040.1
906,2016-09-14 TO 2017-09-12,2018.3100000000006
907,2016-09-15 TO 2017-09-15,2044.02
908,2016-09-16 TO 2017-09-15,2029.25
909,2016-09-19 TO 2017-09-19,2137.3
910,2016-09-20 TO 2017-09-19,2150.17
911,2016-09-21 TO 2017-09-19,2071.91
912,2016-09-22 TO 2017-09-19,2066.33
913,2016-09-23 TO 2017-09-19,2092.57
914,2016-09-26 TO 2017-09-19,2125.97
915,2016-09-27 TO 2017-09-19,2054.39
916,2016-09-28 TO 2017-09-19,2051.0
917,2016-09-29 TO 2017-09-19,2069.9500000000007
918,2016-09-30 TO 2017-09-19,2022.59
919,2016-10-03 TO 2017-09-18,2075.23
920,2016-10-04 TO 2017-09-18,2090.13
921,2016-10-05 TO 2017-09-18,2098.2000000000007
922,2016-10-06 TO 2017-09-18,2113.330000000001
923,2016-10-07 TO 2017-09-18,2123.3100000000004
924,2016-10-10 TO 2017-10-10,2176.52
925,2016-10-11 TO 2017-10-11,2278.24
926,2016-10-12 TO 2017-10-11,2264.42
927,2016-10-13 TO 2017-10-13,2310.15
928,2016-10-14 TO 2017-10-13,2287.25
929,2016-10-17 TO 2017-10-16,2368.95
930,2016-10-18 TO 2017-10-16,2313.99
931,2016-10-19 TO 2017-10-19,2322.9300000000007
932,2016-10-20 TO 2017-10-20,2307.6800000000007
933,2016-10-21 TO 2017-10-20,2347.32
934,2016-10-24 TO 2017-10-24,2317.105
935,2016-10-25 TO 2017-10-24,2304.48
936,2016-10-26 TO 2017-10-24,2351.78
937,2016-10-27 TO 2017-10-27,2720.92
938,2016-10-28 TO 2017-10-27,2688.0199999999995
939,2016-10-31 TO 2017-10-31,2723.09
940,2016-11-01 TO 2017-10-31,2827.3449999999993
941,2016-11-02 TO 2017-10-31,2826.505
942,2016-11-03 TO 2017-11-03,2871.22
943,2016-11-04 TO 2017-11-03,2886.99
944,2016-11-07 TO 2017-11-07,2795.295
945,2016-11-08 TO 2017-11-08,2799.32
946,2016-11-09 TO 2017-11-08,2788.31
947,2016-11-10 TO 2017-11-10,2905.265
948,2016-11-11 TO 2017-11-10,2444.125
949,2016-11-14 TO 2017-11-14,2565.08
950,2016-11-15 TO 2017-11-14,2433.96
951,2016-11-16 TO 2017-11-16,2406.28
952,2016-11-17 TO 2017-11-16,2294.25
953,2016-11-18 TO 2017-11-16,2346.66
954,2016-11-21 TO 2017-11-21,2358.03
955,2016-11-22 TO 2017-11-21,2407.15
956,2016-11-23 TO 2017-11-21,2368.47
957,2016-11-25 TO 2017-11-21,2351.36
958,2016-11-28 TO 2017-11-28,2409.72
959,2016-11-29 TO 2017-11-28,2423.11
960,2016-11-30 TO 2017-11-28,2484.11
961,2016-12-01 TO 2017-11-28,2560.890000000001
962,2016-12-02 TO 2017-11-28,2554.7200000000007
963,2016-12-05 TO 2017-11-28,2479.71
964,2016-12-06 TO 2017-11-28,2403.28
965,2016-12-07 TO 2017-11-28,2322.620000000001
966,2016-12-08 TO 2017-11-28,2290.2700000000004
967,2016-12-09 TO 2017-11-28,2316.71
968,2016-12-12 TO 2017-11-28,2345.390000000001
969,2016-12-13 TO 2017-11-28,2317.03
970,2016-12-14 TO 2017-11-28,2309.11
971,2016-12-15 TO 2017-11-28,2252.1900000000005
972,2016-12-16 TO 2017-11-28,2232.55
973,2016-12-19 TO 2017-11-28,2239.7900000000004
974,2016-12-20 TO 2017-11-28,2247.55
975,2016-12-21 TO 2017-11-28,2274.9800000000005
976,2016-12-22 TO 2017-11-28,2240.1900000000005
977,2016-12-23 TO 2017-11-28,2214.98
978,2016-12-27 TO 2017-11-28,2203.5400000000004
979,2016-12-28 TO 2017-11-28,2258.0600000000004
980,2016-12-29 TO 2017-11-28,2272.87
981,2016-12-30 TO 2017-11-28,2294.340000000001
982,2017-01-03 TO 2017-11-28,2273.4300000000007
983,2017-01-04 TO 2017-11-28,2239.600000000001
984,2017-01-05 TO 2017-11-28,2309.19
985,2017-01-06 TO 2017-11-28,2319.510000000001
986,2017-01-09 TO 2017-11-28,2286.32
987,2017-01-10 TO 2017-11-28,2251.09
988,2017-01-11 TO 2017-11-28,2241.76
989,2017-01-12 TO 2017-11-28,2267.9
990,2017-01-13 TO 2017-11-28,2253.870000000001
991,2017-01-17 TO 2018-01-17,2409.11
992,2017-01-18 TO 2018-01-17,2408.4999999999995
993,2017-01-19 TO 2018-01-17,2476.9
994,2017-01-20 TO 2018-01-17,2457.9500000000007
995,2017-01-23 TO 2018-01-23,2511.11
996,2017-01-24 TO 2018-01-23,2492.03
997,2017-01-25 TO 2018-01-25,2444.95
998,2017-01-26 TO 2018-01-26,2585.610000000001
999,2017-01-27 TO 2018-01-26,2591.09
1000,2017-01-30 TO 2018-01-26,2634.8099999999995
1001,2017-01-31 TO 2018-01-26,2604.640000000001
1002,2017-02-01 TO 2018-01-26,2435.370000000001
1003,2017-02-02 TO 2018-01-26,2470.7200000000007
1004,2017-02-03 TO 2018-01-26,2462.030000000001
1005,2017-02-06 TO 2018-01-26,2484.79
1006,2017-02-07 TO 2018-01-26,2473.8100000000004
1007,2017-02-08 TO 2018-01-26,2468.49
1008,2017-02-09 TO 2018-01-26,2438.13
1009,2017-02-10 TO 2018-01-26,2439.25
1010,2017-02-13 TO 2018-01-26,2476.7900000000004
1011,2017-02-14 TO 2018-01-26,2455.2000000000007
1012,2017-02-15 TO 2018-01-26,2420.870000000001
1013,2017-02-16 TO 2018-01-26,2423.98
1014,2017-02-17 TO 2018-01-26,2397.7900000000004
1015,2017-02-21 TO 2018-01-26,2358.280000000001
1016,2017-02-22 TO 2018-01-26,2382.89
1017,2017-02-23 TO 2018-01-26,2469.340000000001
1018,2017-02-24 TO 2018-01-26,2421.4400000000005
1019,2017-02-27 TO 2018-01-26,2411.380000000001
1020,2017-02-28 TO 2018-01-26,2429.9200000000005
1021,2017-03-01 TO 2018-01-26,2391.6600000000008
1022,2017-03-02 TO 2018-01-26,2415.9400000000005
1023,2017-03-03 TO 2018-01-26,2421.350000000001
1024,2017-03-06 TO 2018-01-26,2459.890000000001
1025,2017-03-07 TO 2018-01-26,2437.26
1026,2017-03-08 TO 2018-01-26,2430.67
1027,2017-03-09 TO 2018-01-26,2392.92
1028,2017-03-10 TO 2018-01-26,2390.2200000000007
1029,2017-03-13 TO 2018-01-26,2273.52
1030,2017-03-14 TO 2018-01-26,2285.29
1031,2017-03-15 TO 2018-01-26,2221.4600000000005
1032,2017-03-16 TO 2018-01-26,2211.26
1033,2017-03-17 TO 2018-01-26,2171.3400000000006
1034,2017-03-20 TO 2018-01-26,2123.74
1035,2017-03-21 TO 2018-01-26,2189.8400000000006
1036,2017-03-22 TO 2018-01-26,2162.82
1037,2017-03-23 TO 2018-01-26,2150.0200000000004
1038,2017-03-24 TO 2018-01-26,2123.33
1039,2017-03-27 TO 2018-01-26,2116.21
1040,2017-03-28 TO 2018-01-26,2122.49
1041,2017-03-29 TO 2018-01-26,2115.4500000000007
1042,2017-03-30 TO 2018-01-26,2106.9100000000008
1043,2017-03-31 TO 2018-01-26,2065.7200000000007
1044,2017-04-03 TO 2018-01-26,2040.58
1045,2017-04-04 TO 2018-01-26,2124.9700000000007
1046,2017-04-05 TO 2018-01-26,2144.6600000000008
1047,2017-04-06 TO 2018-01-26,2133.0000000000005
1048,2017-04-07 TO 2018-01-26,2143.65
1049,2017-04-10 TO 2018-01-29,2175.6399999999994
1050,2017-04-11 TO 2018-01-29,2167.73
1051,2017-04-12 TO 2018-01-26,2197.25
1052,2017-04-13 TO 2018-01-26,2237.19
1053,2017-04-17 TO 2018-01-26,2146.24
1054,2017-04-18 TO 2018-01-29,2133.9099999999994
1055,2017-04-19 TO 2018-01-29,2120.14
1056,2017-04-20 TO 2018-01-26,2051.83
1057,2017-04-21 TO 2018-01-26,2056.0400000000004
1058,2017-04-24 TO 2018-01-26,2003.79
1059,2017-04-25 TO 2018-01-26,2005.9500000000005
1060,2017-04-26 TO 2018-01-26,2000.16
1061,2017-04-27 TO 2018-01-26,1976.56
1062,2017-04-28 TO 2018-01-29,1879.55
1063,2017-05-01 TO 2018-01-29,1842.42
1064,2017-05-02 TO 2018-01-29,1900.86
1065,2017-05-03 TO 2018-01-29,1900.96
1066,2017-05-04 TO 2018-01-29,1853.6
1067,2017-05-05 TO 2018-01-29,1872.04
1068,2017-05-08 TO 2018-01-29,1900.31
1069,2017-05-09 TO 2018-01-29,1892.23
1070,2017-05-10 TO 2018-01-26,1569.7100000000007
1071,2017-05-11 TO 2018-01-26,1564.62
1072,2017-05-12 TO 2018-01-26,1544.6600000000005
1073,2017-05-15 TO 2018-01-26,1550.5900000000006
1074,2017-05-16 TO 2018-01-26,1545.35
1075,2017-05-17 TO 2018-01-26,1597.63
1076,2017-05-18 TO 2018-01-26,1563.7100000000007
1077,2017-05-19 TO 2018-01-26,1545.36
1078,2017-05-22 TO 2018-01-26,1550.9
1079,2017-05-23 TO 2018-01-26,1546.5800000000004
1080,2017-05-24 TO 2018-01-26,1536.3200000000006
1081,2017-05-25 TO 2018-01-26,1483.3200000000004
1082,2017-05-26 TO 2018-01-26,1474.2000000000005
1083,2017-05-30 TO 2018-01-26,1450.76
1084,2017-05-31 TO 2018-01-26,1445.95
1085,2017-06-01 TO 2018-01-26,1437.6500000000005
1086,2017-06-02 TO 2018-01-26,1384.3800000000006
1087,2017-06-05 TO 2018-01-26,1368.25
1088,2017-06-06 TO 2018-01-26,1373.91
1089,2017-06-07 TO 2018-01-26,1374.2400000000002
1090,2017-06-08 TO 2018-01-26,1343.36
1091,2017-06-09 TO 2018-01-26,1344.7400000000002
1092,2017-06-12 TO 2018-01-26,1450.7000000000005
1093,2017-06-13 TO 2018-01-26,1429.2900000000006
1094,2017-06-14 TO 2018-01-26,1436.9400000000005
1095,2017-06-15 TO 2018-01-26,1440.36
1096,2017-06-16 TO 2018-01-26,1420.5500000000006
1097,2017-06-19 TO 2018-01-26,1347.8500000000004
1098,2017-06-20 TO 2018-01-26,1399.24
1099,2017-06-21 TO 2018-01-26,1372.5600000000004
1100,2017-06-22 TO 2018-01-26,1355.4400000000005
1101,2017-06-23 TO 2018-01-26,1295.4900000000002
1102,2017-06-26 TO 2018-01-26,1306.9400000000005
1103,2017-06-27 TO 2018-01-26,1340.7400000000002
1104,2017-06-28 TO 2018-01-26,1296.13
1105,2017-06-29 TO 2018-01-26,1352.36
1106,2017-06-30 TO 2018-01-29,1336.9499999999996
1107,2017-07-03 TO 2018-01-29,1389.4
1108,2017-07-05 TO 2018-01-29,1362.9899999999998
1109,2017-07-06 TO 2018-01-29,1397.1699999999994
1110,2017-07-07 TO 2018-01-29,1328.6699999999996
1111,2017-07-10 TO 2018-01-26,1308.41
1112,2017-07-11 TO 2018-01-26,1356.81
1113,2017-07-12 TO 2018-01-26,1345.8200000000004
1114,2017-07-13 TO 2018-01-26,1335.3100000000004
1115,2017-07-14 TO 2018-01-26,1299.66
1116,2017-07-17 TO 2018-01-26,1265.5100000000002
1117,2017-07-18 TO 2018-01-26,1277.4
1118,2017-07-19 TO 2018-01-26,1220.35
1119,2017-07-20 TO 2018-01-26,1204.0500000000004
1120,2017-07-21 TO 2018-01-26,1218.13
1121,2017-07-24 TO 2018-01-26,1198.5200000000004
1122,2017-07-25 TO 2018-01-26,1224.1
1123,2017-07-26 TO 2018-01-26,1214.11
1124,2017-07-27 TO 2018-01-26,1216.9600000000005
1125,2017-07-28 TO 2018-01-26,1147.6
1126,2017-07-31 TO 2018-01-26,1151.58
1127,2017-08-01 TO 2018-01-26,1115.4550000000004
1128,2017-08-02 TO 2018-01-26,1131.5
1129,2017-08-03 TO 2018-01-26,1121.1
1130,2017-08-04 TO 2018-01-26,1114.38
1131,2017-08-07 TO 2018-01-26,1114.15
1132,2017-08-08 TO 2018-01-26,1085.14
1133,2017-08-09 TO 2018-01-26,1067.49
1134,2017-08-10 TO 2018-01-26,1115.6899999999996
1135,2017-08-11 TO 2018-01-26,1118.25
1136,2017-08-14 TO 2018-01-26,1101.85
1137,2017-08-15 TO 2018-01-26,1124.4199999999996
1138,2017-08-16 TO 2018-01-26,1126.9399999999996
1139,2017-08-17 TO 2018-01-26,1164.11
1140,2017-08-18 TO 2018-01-26,1170.78
1141,2017-08-21 TO 2018-01-26,1202.32
1142,2017-08-22 TO 2018-01-26,1118.65
1143,2017-08-23 TO 2018-01-26,1152.19
1144,2017-08-24 TO 2018-01-25,1198.2799999999995
1145,2017-08-25 TO 2018-01-25,1174.2600000000004
1146,2017-08-28 TO 2018-01-25,1231.17
1147,2017-08-29 TO 2018-01-25,1221.0
1148,2017-08-30 TO 2018-01-25,1176.26
1149,2017-08-31 TO 2018-01-25,1124.19
1150,2017-09-01 TO 2018-01-25,1105.07
1151,2017-09-05 TO 2018-01-25,1144.27
1152,2017-09-06 TO 2018-01-25,1094.3300000000004
1153,2017-09-07 TO 2018-01-25,1113.8399999999997
1154,2017-09-08 TO 2018-01-25,1084.98
1155,2017-09-11 TO 2018-01-26,1101.85
1156,2017-09-12 TO 2018-01-25,1066.24
1157,2017-09-13 TO 2018-01-25,1030.48
1158,2017-09-14 TO 2018-01-25,1015.99
1159,2017-09-15 TO 2018-01-25,1020.62
1160,2017-09-18 TO 2018-01-25,994.57
1161,2017-09-19 TO 2018-01-26,1006.51
1162,2017-09-20 TO 2018-01-26,950.3399999999997
1163,2017-09-21 TO 2018-01-26,941.73
1164,2017-09-22 TO 2018-01-25,920.0
1165,2017-09-25 TO 2018-01-29,904.3799999999997
1166,2017-09-26 TO 2018-01-29,899.4299999999997
1167,2017-09-27 TO 2018-01-26,882.2099999999997
1168,2017-09-28 TO 2018-01-26,892.9699999999998
1169,2017-09-29 TO 2018-01-26,893.9999999999999
1170,2017-10-02 TO 2018-01-29,903.25
1171,2017-10-03 TO 2018-01-29,882.2599999999999
1172,2017-10-04 TO 2018-01-26,870.3599999999999
1173,2017-10-05 TO 2018-01-26,855.21
1174,2017-10-06 TO 2018-01-26,883.1999999999998
1175,2017-10-09 TO 2018-01-26,906.64
1176,2017-10-10 TO 2018-01-25,954.27
1177,2017-10-11 TO 2018-01-25,970.74
1178,2017-10-12 TO 2018-01-26,914.73
1179,2017-10-13 TO 2018-01-26,880.4
1180,2017-10-16 TO 2018-01-26,863.02
1181,2017-10-17 TO 2018-01-26,801.5799999999998
1182,2017-10-18 TO 2018-01-26,789.6500000000002
1183,2017-10-19 TO 2018-01-29,779.73
1184,2017-10-20 TO 2018-01-29,763.99
1185,2017-10-23 TO 2018-01-29,739.23
1186,2017-10-24 TO 2018-01-29,718.1699999999997
1187,2017-10-25 TO 2018-01-29,737.9749999999998
1188,2017-10-26 TO 2018-01-29,721.5199999999999
1189,2017-10-27 TO 2018-01-29,761.3
1190,2017-10-30 TO 2018-01-26,782.9999999999999
1191,2017-10-31 TO 2018-01-29,772.7399999999999
1192,2017-11-01 TO 2018-01-26,770.4799999999998
1193,2017-11-02 TO 2018-01-26,785.34
1194,2017-11-03 TO 2018-01-26,818.0400000000002
1195,2017-11-06 TO 2018-01-26,766.8
1196,2017-11-07 TO 2018-01-29,799.2900000000003
1197,2017-11-08 TO 2018-01-26,799.1099999999999
1198,2017-11-09 TO 2018-01-29,793.4599999999998
1199,2017-11-10 TO 2018-01-29,771.9799999999997
1200,2017-11-13 TO 2018-01-26,796.96
1201,2017-11-14 TO 2018-01-26,803.8399999999998
1202,2017-11-15 TO 2018-01-29,796.18
1203,2017-11-16 TO 2018-01-29,777.0699999999998
1204,2017-11-17 TO 2018-01-29,747.8799999999999
1205,2017-11-20 TO 2018-01-29,737.49
1206,2017-11-21 TO 2018-01-29,730.38
1207,2017-11-22 TO 2018-01-29,709.4799999999998
1208,2017-11-24 TO 2018-01-29,712.5999999999998
1209,2017-11-27 TO 2018-01-29,716.6599999999999
1210,2017-11-28 TO 2018-01-29,669.1299999999999
1211,2017-11-29 TO 2018-01-29,750.2199999999997
1212,2017-11-30 TO 2018-01-29,756.1699999999997
1213,2017-12-01 TO 2018-01-29,760.4799999999998
1214,2017-12-04 TO 2018-01-29,785.1599999999999
1215,2017-12-05 TO 2018-01-29,786.6399999999996
1216,2017-12-06 TO 2018-01-29,776.2699999999996
1217,2017-12-07 TO 2018-01-29,772.9999999999999
1218,2017-12-08 TO 2018-01-29,736.3699999999999
1219,2017-12-11 TO 2018-01-29,756.6199999999997
1220,2017-12-12 TO 2018-01-29,761.0599999999997
1221,2017-12-13 TO 2018-01-29,738.3699999999997
1222,2017-12-14 TO 2018-01-29,723.9599999999997
1223,2017-12-15 TO 2018-01-29,714.0099999999996
1224,2017-12-18 TO 2018-01-29,703.6299999999999
1225,2017-12-19 TO 2018-01-29,735.9899999999997
1226,2017-12-20 TO 2018-01-29,720.6199999999999
1227,2017-12-21 TO 2018-01-29,720.1399999999996
1228,2017-12-22 TO 2018-01-29,709.3799999999999
1229,2017-12-26 TO 2018-01-29,729.2099999999998
1230,2017-12-27 TO 2018-01-29,744.3799999999997
1231,2017-12-28 TO 2018-01-29,682.1399999999998
1232,2017-12-29 TO 2018-01-29,692.8499999999997
1233,2018-01-02 TO 2018-01-29,604.5499999999997
1234,2018-01-03 TO 2018-01-29,564.9299999999997
1235,2018-01-04 TO 2018-01-29,561.3399999999998
1236,2018-01-05 TO 2018-01-29,507.89999999999986
1237,2018-01-08 TO 2018-01-29,483.95999999999975
1238,2018-01-09 TO 2018-01-29,504.2899999999999
1239,2018-01-10 TO 2018-01-29,479.39999999999986
1240,2018-01-11 TO 2018-01-29,439.50499999999977
1241,2018-01-12 TO 2018-01-29,411.57
1242,2018-01-16 TO 2018-01-29,410.1899999999998
1243,2018-01-17 TO 2018-01-29,434.24999999999983
1244,2018-01-18 TO 2018-01-29,415.30999999999983
1245,2018-01-19 TO 2018-01-29,413.35999999999984
1246,2018-01-22 TO 2018-01-29,363.37999999999977
1247,2018-01-23 TO 2018-01-25,347.4000000000001
1248,2018-01-24 TO 2018-02-01,320.28
1249,2018-01-25 TO 2018-02-01,320.33999999999986
1250,2018-01-26 TO 2018-02-01,310.2399999999999
1251,2018-01-29 TO 2018-02-01,148.06
1252,2018-01-30 TO 2018-02-07,152.76999999999995
1253,2018-01-31 TO 2018-02-07,153.73999999999995
1254,2018-02-01 TO 2018-02-07,147.67000000000004
1255,2018-02-02 TO 2018-02-07,166.53999999999994
1256,2018-02-05 TO 2018-02-07,186.88
1257,2018-02-06 TO 2018-02-07,128.13999999999993
1258,2018-02-07 TO ,0.0
